{
  "project_info": {
    "project_number": "1020882932619",
    "project_id": "doron-b3011",
    "storage_bucket": "doron-b3011.firebasestorage.app"
  },
  "client": [
    {
      "client_info": {
        "mobilesdk_app_id": "1:1020882932619:android:2ea24f1f36457323eed58e",
        "android_client_info": {
          "package_name": "Com.doron.app"
        }
      },
      "oauth_client": [
        {
          "client_id": "1020882932619-4r8r2vcoct0scirci4l8qj7gjs6kgoli.apps.googleusercontent.com",
          "client_type": 1,
          "android_info": {
            "package_name": "Com.doron.app",
            "certificate_hash": "9bbb3186b2189ef16d8f272bdab59362c395cbb4"
          }
        },
        {
          "client_id": "1020882932619-t00fdck0ofecqq3svatcd92rnoguiud4.apps.googleusercontent.com",
          "client_type": 3
        }
      ],
      "api_key": [
        {
          "current_key": "AIzaSyBPo1SQW64OlNqBqZ48HtLKI8YjkKpJLUI"
        }
      ],
      "services": {
        "appinvite_service": {
          "other_platform_oauth_client": [
            {
              "client_id": "1020882932619-t00fdck0ofecqq3svatcd92rnoguiud4.apps.googleusercontent.com",
              "client_type": 3
            },
            {
              "client_id": "1020882932619-mu6qvqmo84rppod6ndej853gaq2h863u.apps.googleusercontent.com",
              "client_type": 2,
              "ios_info": {
                "bundle_id": "com.mycompany.doron"
              }
            }
          ]
        }
      }
    },
    {
      "client_info": {
        "mobilesdk_app_id": "1:1020882932619:android:30ea4b7d2abe4710eed58e",
        "android_client_info": {
          "package_name": "com.mycompany.doron"
        }
      },
      "oauth_client": [
        {
          "client_id": "1020882932619-lrlii6foeg1igeq7oiptvcv6c26llfkg.apps.googleusercontent.com",
          "client_type": 1,
          "android_info": {
            "package_name": "com.mycompany.doron",
            "certificate_hash": "9bbb3186b2189ef16d8f272bdab59362c395cbb4"
          }
        },
        {
          "client_id": "1020882932619-t00fdck0ofecqq3svatcd92rnoguiud4.apps.googleusercontent.com",
          "client_type": 3
        }
      ],
      "api_key": [
        {
          "current_key": "AIzaSyBPo1SQW64OlNqBqZ48HtLKI8YjkKpJLUI"
        }
      ],
      "services": {
        "appinvite_service": {
          "other_platform_oauth_client": [
            {
              "client_id": "1020882932619-t00fdck0ofecqq3svatcd92rnoguiud4.apps.googleusercontent.com",
              "client_type": 3
            },
            {
              "client_id": "1020882932619-mu6qvqmo84rppod6ndej853gaq2h863u.apps.googleusercontent.com",
              "client_type": 2,
              "ios_info": {
                "bundle_id": "com.mycompany.doron"
              }
            }
          ]
        }
      }
    }
  ],
  "configuration_version": "1"
}